{"src/main.cpp": 1754930833.4358182, "src/utility/logger/logger.cpp": 1754924940.7922444}