{"src/main.cpp": 1754927039.943815, "src/utility/logger/logger.cpp": 1754924940.7922444}